City_ID,City,Country,Date,Lat,Lng,Max Temp,Humidity,Cloudiness,Wind Speed
0,Makakilo City,US,2020-10-11 18:55:44,21.35,-158.09,80.6,69,20,4.7
1,Thompson,CA,2020-10-11 18:51:22,55.74,-97.86,42.8,87,75,4.7
2,Bredasdorp,ZA,2020-10-11 18:53:53,-34.53,20.04,57.2,67,90,12.75
3,Yenagoa,NG,2020-10-11 18:55:44,4.92,6.26,76.06,91,82,3.06
4,Punta Arenas,CL,2020-10-11 18:55:30,-53.15,-70.92,55.4,47,0,42.5
5,Yellowknife,CA,2020-10-11 18:55:44,62.46,-114.35,34.0,84,90,11.41
6,Port Alfred,ZA,2020-10-11 18:55:45,-33.59,26.89,55.92,62,1,6.24
7,Santa Cruz,BO,2020-10-11 18:55:45,-17.8,-63.17,100.4,33,40,17.22
8,Gat,IL,2020-10-11 18:55:45,31.61,34.76,78.01,100,1,5.59
9,Upernavik,GL,2020-10-11 18:55:45,72.79,-56.15,37.56,75,100,4.83
10,Lander,US,2020-10-11 18:55:45,42.83,-108.73,53.6,18,1,25.28
11,Zhigalovo,RU,2020-10-11 18:55:46,54.81,105.16,25.03,94,98,6.38
12,Tiksi,RU,2020-10-11 18:55:46,71.69,128.87,11.25,94,39,8.21
13,Los Llanos De Aridane,ES,2020-10-11 18:55:46,28.66,-17.92,75.2,78,75,14.99
14,Chokurdakh,RU,2020-10-11 18:55:46,70.63,147.92,17.73,94,91,4.47
15,Vaini,TO,2020-10-11 18:55:47,-21.2,-175.2,71.6,83,20,11.41
16,Nantucket,US,2020-10-11 18:55:47,41.28,-70.1,60.8,59,1,20.8
17,Hermanus,ZA,2020-10-11 18:55:47,-34.42,19.23,55.0,76,0,3.0
18,Bundaberg,AU,2020-10-11 18:55:47,-24.85,152.35,64.99,88,95,6.93
19,Ushuaia,AR,2020-10-11 18:55:48,-54.8,-68.3,51.8,53,40,29.97
20,Rikitea,PF,2020-10-11 18:55:48,-23.12,-134.97,73.65,78,0,12.62
21,Zhigansk,RU,2020-10-11 18:55:48,66.77,123.37,16.45,96,63,6.78
22,East London,ZA,2020-10-11 18:55:48,-33.02,27.91,57.2,62,61,3.36
23,Pevek,RU,2020-10-11 18:55:48,69.7,170.31,27.77,95,69,1.3
24,Bambous Virieux,MU,2020-10-11 18:55:49,-20.34,57.76,75.2,83,40,2.24
25,Roma,US,2020-10-11 18:55:49,43.21,-75.46,61.0,44,1,6.93
26,Sitka,US,2020-10-11 18:55:49,57.05,-135.33,46.4,87,90,3.36
27,Constitucion,CL,2020-10-11 18:55:49,-35.33,-72.42,65.1,47,0,16.31
28,Butaritari,KI,2020-10-11 18:55:49,3.07,172.79,80.69,73,53,13.18
29,Xingcheng,CN,2020-10-11 18:55:50,40.62,120.72,47.91,50,0,6.33
30,Souillac,MU,2020-10-11 18:55:50,-20.52,57.52,75.2,83,40,2.24
31,Nanchong,CN,2020-10-11 18:55:50,30.8,106.08,61.75,93,100,2.3
32,Yar-Sale,RU,2020-10-11 18:55:50,66.83,70.83,41.23,97,100,8.12
33,Hasaki,JP,2020-10-11 18:55:51,35.73,140.83,66.2,93,75,10.29
34,Mataura,NZ,2020-10-11 18:55:51,-46.19,168.86,51.01,91,100,5.99
35,Cherskiy,RU,2020-10-11 18:55:51,68.75,161.3,18.37,94,65,8.46
36,Hamilton,US,2020-10-11 18:55:51,39.18,-84.53,71.6,73,90,8.05
37,Kandrian,PG,2020-10-11 18:55:51,-6.22,149.55,77.83,87,100,6.2
38,Kaitangata,NZ,2020-10-11 18:55:52,-46.28,169.85,54.0,76,100,1.01
39,Westport,US,2020-10-11 18:55:52,41.14,-73.36,66.0,48,90,9.17
40,Lenoir City,US,2020-10-11 18:55:52,35.8,-84.26,70.0,99,100,1.01
41,Khatanga,RU,2020-10-11 18:55:52,71.97,102.5,22.91,98,100,13.29
42,Acaponeta,MX,2020-10-11 18:55:53,22.5,-105.36,95.2,45,26,4.27
43,Atuona,PF,2020-10-11 18:55:53,-9.8,-139.03,78.17,74,9,22.62
44,Saskylakh,RU,2020-10-11 18:55:53,71.92,114.08,15.98,96,95,7.16
45,Qaanaaq,GL,2020-10-11 18:55:53,77.48,-69.36,31.17,84,69,7.43
46,Torbay,CA,2020-10-11 18:55:54,47.67,-52.73,64.4,77,75,27.51
47,Anchorage,US,2020-10-11 18:55:54,61.22,-149.9,42.01,83,75,3.24
48,Ruteng,ID,2020-10-11 18:55:54,-8.61,120.47,61.11,97,99,1.57
49,Tasiilaq,GL,2020-10-11 18:55:55,65.61,-37.64,37.4,95,75,18.34
50,Saint George,US,2020-10-11 18:54:37,37.1,-113.58,82.0,23,1,9.17
51,Padang,ID,2020-10-11 18:55:55,-0.95,100.35,77.67,80,100,5.01
52,Vestmannaeyjar,IS,2020-10-11 18:55:55,63.44,-20.27,46.4,81,90,11.41
53,Tuktoyaktuk,CA,2020-10-11 18:55:55,69.45,-133.04,28.4,92,90,17.22
54,Longyearbyen,SJ,2020-10-11 18:55:56,78.22,15.64,23.0,73,75,2.24
55,Te Anau,NZ,2020-10-11 18:55:56,-45.42,167.72,47.46,90,96,0.94
56,Port Blair,IN,2020-10-11 18:53:06,11.67,92.75,81.43,81,100,16.22
57,Rovaniemi,FI,2020-10-11 18:55:56,66.5,25.72,44.6,100,90,5.82
58,Ahipara,NZ,2020-10-11 18:55:56,-35.17,173.17,59.59,92,100,10.69
59,Sur,OM,2020-10-11 18:55:56,22.57,59.53,78.62,71,0,2.1
60,Klaksvik,FO,2020-10-11 18:55:57,62.23,-6.59,42.8,93,100,4.7
61,Jamestown,US,2020-10-11 18:53:16,42.1,-79.24,66.0,59,1,4.7
62,Praia Da Vitoria,PT,2020-10-11 18:55:57,38.73,-27.07,70.0,68,75,14.99
63,Tuatapere,NZ,2020-10-11 18:55:57,-46.13,167.68,51.01,91,100,5.99
64,Emmett,US,2020-10-11 18:51:01,43.87,-116.5,57.0,60,5,5.48
65,Carnarvon,AU,2020-10-11 18:55:58,-24.87,113.63,66.2,88,75,17.22
66,Arraial Do Cabo,BR,2020-10-11 18:55:58,-22.97,-42.03,75.2,47,75,11.41
67,Linden,GY,2020-10-11 18:55:58,6.0,-58.3,91.4,55,75,9.17
68,Chuy,UY,2020-10-11 18:55:58,-33.7,-53.46,67.48,58,25,9.66
69,Cape Town,ZA,2020-10-11 18:54:46,-33.93,18.42,62.01,77,36,10.29
70,Yaguajay,CU,2020-10-11 18:55:59,22.33,-79.24,86.13,70,100,6.67
71,Bluff,NZ,2020-10-11 18:55:59,-46.6,168.33,51.01,91,98,5.99
72,Eskil,TR,2020-10-11 18:55:59,38.4,33.41,67.68,37,0,5.53
73,Kaduna,NG,2020-10-11 18:52:11,10.52,7.44,75.07,75,25,4.07
74,Hilo,US,2020-10-11 18:53:01,19.73,-155.09,75.2,60,90,5.82
75,Mitsamiouli,KM,2020-10-11 18:56:00,-11.38,43.28,80.51,81,0,9.1
76,Mahebourg,MU,2020-10-11 18:56:00,-20.41,57.7,75.2,83,40,2.24
77,Pisco,PE,2020-10-11 18:56:00,-13.7,-76.22,71.6,64,5,8.05
78,Airai,TL,2020-10-11 18:56:00,-8.93,125.41,58.84,75,13,3.42
79,Ternate,ID,2020-10-11 18:56:01,0.8,127.4,80.31,78,100,3.18
80,Puerto Ayora,EC,2020-10-11 18:56:01,-0.74,-90.35,78.8,65,40,5.82
81,Mount Gambier,AU,2020-10-11 18:56:01,-37.83,140.77,46.4,93,93,6.93
82,Esperance,AU,2020-10-11 18:56:01,-33.87,121.9,46.4,100,0,1.81
83,Kapaa,US,2020-10-11 18:55:18,22.08,-159.32,82.4,74,40,10.29
84,New Norfolk,AU,2020-10-11 18:54:37,-42.78,147.06,42.01,89,35,2.95
85,San Juan Del Rio,MX,2020-10-11 18:56:02,20.38,-100.0,77.0,27,90,9.17
86,Teknaf,BD,2020-10-11 18:56:02,20.86,92.31,80.85,81,2,3.06
87,Andijon,UZ,2020-10-11 18:56:02,40.78,72.34,50.0,81,75,1.95
88,Kozluk,TR,2020-10-11 18:56:03,38.19,41.49,59.0,47,0,5.82
89,Effingham,US,2020-10-11 18:56:03,32.37,-81.33,89.01,62,40,10.29
90,Busselton,AU,2020-10-11 18:52:01,-33.65,115.33,48.99,77,0,6.93
91,Port Hedland,AU,2020-10-11 18:56:03,-20.32,118.57,73.4,78,0,8.05
92,Sao Joao Da Barra,BR,2020-10-11 18:53:12,-21.64,-41.05,73.4,64,90,13.87
93,Coquimbo,CL,2020-10-11 18:53:26,-29.95,-71.34,57.2,82,90,11.41
94,Portland,US,2020-10-11 18:56:04,45.52,-122.68,57.0,87,90,12.75
95,Georgetown,MY,2020-10-11 18:56:04,5.41,100.34,80.6,88,20,3.36
96,La Grande,US,2020-10-11 18:56:04,45.32,-118.09,51.8,62,75,5.82
97,Atikokan,CA,2020-10-11 18:56:05,48.76,-91.62,57.63,40,100,15.5
98,Basco,PH,2020-10-11 18:56:05,20.45,121.97,82.62,80,100,20.47
99,Taga,RO,2020-10-11 18:56:05,46.95,24.05,55.4,87,20,3.36
100,Nikolskoye,RU,2020-10-11 18:56:05,59.7,30.79,54.0,87,90,2.24
101,Sundsvall,SE,2020-10-11 18:56:06,62.39,17.31,46.4,93,90,3.36
102,Narsaq,GL,2020-10-11 18:56:06,60.92,-46.05,42.8,87,100,8.05
103,Kailua,US,2020-10-11 18:56:06,21.4,-157.74,80.6,69,40,11.41
104,Karmala,IN,2020-10-11 18:56:06,18.42,75.2,72.73,90,100,4.07
105,Kysyl-Syr,RU,2020-10-11 18:56:06,63.9,122.76,20.61,96,0,4.07
106,Castro,BR,2020-10-11 18:56:07,-24.79,-50.01,72.99,47,0,3.33
107,Polunochnoye,RU,2020-10-11 18:56:07,60.87,60.42,44.08,92,100,4.81
108,Sinnamary,GF,2020-10-11 18:56:07,5.38,-52.95,86.22,62,0,10.76
109,Anadyr,RU,2020-10-11 18:56:07,64.75,177.48,28.4,79,20,8.95
110,Aljezur,PT,2020-10-11 18:56:08,37.32,-8.8,71.19,45,0,7.92
111,Cockburn Town,TC,2020-10-11 18:56:08,21.46,-71.14,84.2,70,40,9.17
112,Jalor,IN,2020-10-11 18:56:08,25.35,72.62,82.11,29,17,1.16
113,Mount Isa,AU,2020-10-11 18:56:08,-20.73,139.5,73.4,13,52,11.41
114,Mandalgovi,MN,2020-10-11 18:56:08,45.76,106.27,26.06,79,0,7.09
115,Charters Towers,AU,2020-10-11 18:56:09,-20.1,146.27,66.31,92,72,11.32
116,Lebu,CL,2020-10-11 18:56:09,-37.62,-73.65,55.31,58,0,23.06
117,Brainerd,US,2020-10-11 18:56:09,46.36,-94.2,57.2,71,90,12.75
118,Acapulco,MX,2020-10-11 18:52:29,16.86,-99.89,86.0,70,75,2.24
119,Balod,IN,2020-10-11 18:56:09,20.73,81.2,74.86,91,30,4.63
120,Albany,US,2020-10-11 18:52:20,42.6,-73.97,57.0,45,86,6.8
121,Isangel,VU,2020-10-11 18:56:10,-19.55,169.27,76.21,82,5,14.76
122,Sangar,RU,2020-10-11 18:56:10,63.92,127.47,21.69,86,100,8.79
123,Ostrovnoy,RU,2020-10-11 18:51:39,68.05,39.51,42.71,90,99,7.96
124,Abu Samrah,SY,2020-10-11 18:56:10,35.3,37.18,65.08,40,0,1.5
125,Kahului,US,2020-10-11 18:55:41,20.89,-156.47,84.2,62,20,9.17
126,Tomatlan,MX,2020-10-11 18:56:11,19.93,-105.25,92.14,55,32,3.29
127,Kieta,PG,2020-10-11 18:56:11,-6.22,155.63,78.46,76,89,3.98
128,Athens,GR,2020-10-11 18:51:11,37.98,23.72,73.0,73,20,4.38
129,Teya,RU,2020-10-11 18:56:11,60.38,92.63,20.97,92,100,2.57
130,Ulety,RU,2020-10-11 18:56:12,51.36,112.48,24.49,88,100,4.72
131,La Ronge,CA,2020-10-11 18:56:12,55.1,-105.28,42.8,93,90,11.41
132,Srednekolymsk,RU,2020-10-11 18:56:12,67.45,153.68,22.15,87,0,3.27
133,Aden,YE,2020-10-11 18:56:12,12.78,45.04,84.31,62,0,8.93
134,Aloleng,PH,2020-10-11 18:56:12,16.13,119.78,77.63,95,100,17.07
135,Butembo,CD,2020-10-11 18:56:13,0.15,29.28,57.9,99,86,3.0
136,Akodia,IN,2020-10-11 18:56:13,23.38,76.6,75.43,41,100,4.29
137,Goderich,CA,2020-10-11 18:54:37,43.75,-81.72,59.0,67,0,1.99
138,Talnakh,RU,2020-10-11 18:56:13,69.49,88.4,23.0,92,40,22.37
139,Hualmay,PE,2020-10-11 18:56:13,-11.1,-77.61,69.46,65,6,9.91
140,Salta,AR,2020-10-11 18:55:46,-24.79,-65.41,86.0,16,0,13.87
141,Dikson,RU,2020-10-11 18:56:14,73.51,80.55,37.04,99,100,15.99
142,Saint-Philippe,RE,2020-10-11 18:56:14,-21.36,55.77,73.4,83,38,2.24
143,Binga,ZW,2020-10-11 18:56:14,-17.62,27.34,84.69,44,99,4.0
144,Hobart,AU,2020-10-11 18:55:14,-42.88,147.33,44.6,93,1,11.41
145,Ribeira Grande,PT,2020-10-11 18:56:15,38.52,-28.7,66.2,93,75,8.05
146,Vizinga,RU,2020-10-11 18:56:15,61.07,50.1,48.38,94,100,4.12
147,Emba,KZ,2020-10-11 18:56:15,48.83,58.14,46.13,48,0,6.44
148,Vredendal,ZA,2020-10-11 18:56:15,-31.67,18.5,60.69,42,0,13.98
149,Rocha,UY,2020-10-11 18:56:16,-34.48,-54.33,68.25,62,17,12.59
150,Springfield,US,2020-10-11 18:56:16,37.22,-93.3,84.0,48,1,13.87
151,Montefiascone,IT,2020-10-11 18:56:16,42.54,12.04,55.4,76,40,8.05
152,Laguna,US,2020-10-11 18:56:16,38.42,-121.42,75.99,37,1,10.29
153,Coyaima,CO,2020-10-11 18:56:16,3.8,-75.19,96.82,29,87,8.32
154,Champerico,GT,2020-10-11 18:56:17,14.3,-91.92,89.6,66,40,6.93
155,Sioux Lookout,CA,2020-10-11 18:56:17,50.1,-91.92,51.8,66,90,14.99
156,Geraldton,AU,2020-10-11 18:56:17,-28.77,114.6,60.8,82,0,9.17
157,Fortuna,US,2020-10-11 18:56:17,40.6,-124.16,66.99,72,20,6.93
158,Kiama,AU,2020-10-11 18:56:18,-34.68,150.87,57.99,92,65,1.95
159,Grand Gaube,MU,2020-10-11 18:55:04,-20.01,57.66,75.0,82,0,4.0
160,Luangwa,ZM,2020-10-11 18:56:18,-15.62,30.42,82.62,55,21,12.88
161,Sisimiut,GL,2020-10-11 18:56:18,66.94,-53.67,37.24,90,100,9.22
162,Luganville,VU,2020-10-11 18:56:18,-15.53,167.17,78.8,88,40,8.05
163,Arona,ES,2020-10-11 18:56:19,28.1,-16.68,75.2,73,97,20.8
164,Estremoz,PT,2020-10-11 18:56:19,38.84,-7.59,71.6,26,0,9.17
165,Plettenberg Bay,ZA,2020-10-11 18:56:19,-34.05,23.37,55.47,76,53,10.63
166,Port Elizabeth,ZA,2020-10-11 18:56:20,-33.92,25.57,57.2,82,75,2.24
167,Kattivakkam,IN,2020-10-11 18:56:20,13.22,80.32,78.8,83,75,6.93
168,Paamiut,GL,2020-10-11 18:56:20,61.99,-49.67,39.06,81,100,25.12
169,Hay River,CA,2020-10-11 18:56:20,60.82,-115.8,37.4,80,75,8.05
170,Fergus,US,2020-10-11 18:56:20,47.3,-109.27,51.8,34,40,34.45
171,Ndola,ZM,2020-10-11 18:56:21,-12.96,28.64,70.83,56,0,3.13
172,Carballo,ES,2020-10-11 18:56:21,43.21,-8.69,57.2,67,20,5.82
173,Montepuez,MZ,2020-10-11 18:56:21,-13.13,39.0,73.96,68,0,10.0
174,Vanimo,PG,2020-10-11 18:56:21,-2.67,141.3,76.42,85,48,6.11
175,Kavieng,PG,2020-10-11 18:56:22,-2.57,150.8,81.52,81,59,10.11
176,Sao Filipe,CV,2020-10-11 18:56:22,14.9,-24.5,79.83,79,8,10.8
177,Morondava,MG,2020-10-11 18:56:22,-20.28,44.28,75.22,73,0,12.71
178,Kruisfontein,ZA,2020-10-11 18:56:22,-34.0,24.73,55.0,79,0,1.99
179,Bereda,ES,2020-10-11 18:56:23,43.27,-7.54,54.0,89,19,1.99
180,Huarmey,PE,2020-10-11 18:56:23,-10.07,-78.15,70.25,64,15,11.54
181,Raudeberg,NO,2020-10-11 18:56:23,61.99,5.14,46.99,86,45,12.33
182,Ixtapa,MX,2020-10-11 18:56:23,20.7,-105.2,90.0,55,20,4.7
183,Novo Aripuana,BR,2020-10-11 18:56:24,-5.12,-60.38,95.2,40,75,3.4
184,Sobolevo,RU,2020-10-11 18:56:24,54.43,31.9,49.82,91,100,4.34
185,Walvis Bay,NA,2020-10-11 18:56:24,-22.96,14.51,59.0,72,0,5.82
186,Agirish,RU,2020-10-11 18:56:24,61.92,63.02,46.81,78,98,10.04
187,Belmonte,BR,2020-10-11 18:52:06,-15.86,-38.88,75.2,78,90,10.29
188,Vostok,RU,2020-10-11 18:56:25,46.49,135.88,43.18,100,100,3.71
189,Xuddur,SO,2020-10-11 18:56:25,4.12,43.89,77.07,68,83,7.52
190,Eureka,US,2020-10-11 18:52:01,40.8,-124.16,64.0,72,1,5.82
191,Uglich,RU,2020-10-11 18:56:25,57.53,38.33,47.26,75,100,5.32
192,Oktyabrskiy,RU,2020-10-11 18:56:26,54.48,53.47,43.0,61,19,6.2
193,Conakry,GN,2020-10-11 18:56:26,9.54,-13.68,82.4,83,75,6.93
194,Lompoc,US,2020-10-11 18:52:06,34.64,-120.46,73.4,64,1,5.82
195,Vila Velha,BR,2020-10-11 18:56:27,-20.33,-40.29,73.4,60,90,16.11
196,Inta,RU,2020-10-11 18:56:27,66.03,60.17,45.64,88,100,18.14
197,Birsk,RU,2020-10-11 18:56:27,55.42,55.54,41.88,66,86,6.98
198,Saint-Augustin,CA,2020-10-11 18:53:38,51.23,-58.65,37.49,78,100,18.3
199,Iqaluit,CA,2020-10-11 18:56:28,63.75,-68.51,39.2,80,75,2.24
200,Itaueira,BR,2020-10-11 18:53:04,-7.6,-43.03,92.52,37,90,2.77
201,Zlobin,HR,2020-10-11 18:56:28,45.29,14.65,51.01,87,90,3.36
202,Nanortalik,GL,2020-10-11 18:56:28,60.14,-45.24,39.63,78,100,13.0
203,Holme,DK,2020-10-11 18:56:29,56.11,10.17,46.99,93,27,1.83
204,Mazyr,BY,2020-10-11 18:56:29,52.05,29.25,55.4,79,100,2.04
205,Pueblo,US,2020-10-11 18:56:29,38.25,-104.61,82.4,9,1,18.34
206,Cabo San Lucas,MX,2020-10-11 18:56:29,22.89,-109.91,91.4,66,20,2.24
207,Banda Aceh,ID,2020-10-11 18:54:55,5.56,95.32,79.93,76,100,12.33
208,Namibe,AO,2020-10-11 18:54:07,-15.2,12.15,63.05,81,36,4.41
209,Norman Wells,CA,2020-10-11 18:52:30,65.28,-126.83,30.2,100,90,10.29
210,Port Hardy,CA,2020-10-11 18:56:30,50.7,-127.42,48.2,93,90,13.87
211,Emirdag,TR,2020-10-11 18:56:30,39.02,31.15,62.56,53,0,1.74
212,Fallon,US,2020-10-11 18:56:31,39.47,-118.78,62.01,38,20,5.82
213,Slave Lake,CA,2020-10-11 18:56:31,55.28,-114.77,39.2,86,90,31.09
214,Vila Praia De Ancora,PT,2020-10-11 18:56:31,41.81,-8.85,63.0,62,1,11.41
215,San Patricio,US,2020-10-11 18:56:31,28.02,-97.52,93.99,55,40,13.87
216,Boden,SE,2020-10-11 18:56:31,65.83,21.69,46.4,100,90,4.7
217,Innisfail,AU,2020-10-11 18:56:32,-17.53,146.03,73.02,89,79,6.58
218,Asau,RO,2020-10-11 18:56:32,46.43,26.4,54.0,98,18,1.77
219,Collipulli,CL,2020-10-11 18:56:32,-37.95,-72.43,71.6,37,0,16.11
220,Bourail,NC,2020-10-11 18:56:32,-21.57,165.48,72.5,85,1,4.56
221,Dickinson,US,2020-10-11 18:56:32,29.46,-95.05,91.0,62,40,11.41
222,Ketchikan,US,2020-10-11 18:56:33,55.34,-131.65,46.4,100,90,5.82
223,Valley Station,US,2020-10-11 18:56:33,38.11,-85.87,80.6,57,90,13.87
224,Fairbanks,US,2020-10-11 18:54:56,64.84,-147.72,30.99,79,90,6.98
225,Port-Gentil,GA,2020-10-11 18:56:33,-0.72,8.78,77.0,94,75,2.24
226,Guerrero Negro,MX,2020-10-11 18:56:33,27.98,-114.06,77.52,56,0,15.21
227,Lasa,IT,2020-10-11 18:56:34,46.62,10.7,44.01,74,75,10.29
228,Dryden,CA,2020-10-11 18:56:34,49.78,-92.75,53.6,62,75,21.92
229,Qasigiannguit,GL,2020-10-11 18:56:34,68.82,-51.19,41.0,75,98,17.22
230,Pirovskoye,RU,2020-10-11 18:56:35,57.63,92.27,21.72,96,96,3.4
231,Kumluca,TR,2020-10-11 18:56:35,36.37,30.29,72.05,60,0,4.25
232,Patnos,TR,2020-10-11 18:56:35,39.23,42.86,54.91,37,100,2.75
233,Damghan,IR,2020-10-11 18:56:35,36.17,54.35,55.0,38,0,2.35
234,Mecca,SA,2020-10-11 18:56:36,21.43,39.83,80.74,25,0,0.72
235,Hithadhoo,MV,2020-10-11 18:56:36,-0.6,73.08,81.63,79,100,12.64
236,Jawhar,SO,2020-10-11 18:56:36,2.78,45.5,78.93,76,16,7.92
237,Anderson,US,2020-10-11 18:56:36,34.53,-82.65,75.0,94,90,4.7
238,Angoche,MZ,2020-10-11 18:56:36,-16.23,39.91,78.06,86,76,7.63
239,Bethel,US,2020-10-11 18:56:37,41.37,-73.41,66.0,52,75,5.1
240,Vardo,NO,2020-10-11 18:53:49,70.37,31.11,42.8,87,75,11.41
241,Shyryayeve,UA,2020-10-11 18:56:37,47.38,30.2,62.08,67,6,3.98
242,Aksu,CN,2020-10-11 18:56:38,41.12,80.26,53.01,39,100,3.8
243,Veles,MK,2020-10-11 18:56:38,41.72,21.78,57.2,87,49,2.24
244,Pangnirtung,CA,2020-10-11 18:56:38,66.15,-65.71,37.4,86,75,2.24
245,Kununurra,AU,2020-10-11 18:56:38,-15.77,128.73,68.0,60,0,3.36
246,Tortoli,IT,2020-10-11 18:56:38,39.93,9.66,57.94,57,30,10.09
247,Nara,JP,2020-10-11 18:56:39,34.69,135.8,64.0,94,2,1.28
248,Kushima,JP,2020-10-11 18:56:39,31.46,131.23,70.83,82,83,2.13
249,Erenhot,CN,2020-10-11 18:56:39,43.65,111.98,38.25,59,0,11.01
250,Calama,CL,2020-10-11 18:56:39,-22.47,-68.93,77.0,10,0,26.4
251,Vila Franca Do Campo,PT,2020-10-11 18:56:40,37.72,-25.43,68.0,64,75,11.41
252,Oranjemund,NA,2020-10-11 18:56:40,-28.55,16.43,63.84,45,0,18.88
253,Ambon,ID,2020-10-11 18:56:40,-3.7,128.18,78.01,14,100,8.75
254,Porto Velho,BR,2020-10-11 18:56:39,-8.76,-63.9,95.0,44,20,4.7
255,Alofi,NU,2020-10-11 18:56:40,-19.06,-169.92,73.4,94,33,14.99
256,Marawi,PH,2020-10-11 18:56:41,8.0,124.29,75.99,89,100,4.0
257,Ponta Do Sol,PT,2020-10-11 18:56:41,32.67,-17.1,71.6,64,20,17.22
258,Kamenka,RU,2020-10-11 18:56:41,51.32,42.77,55.0,41,100,15.64
259,Apac,UG,2020-10-11 18:56:41,1.98,32.54,66.6,89,2,1.41
260,Chiang Khong,TH,2020-10-11 18:56:42,20.26,100.4,69.8,100,54,1.36
261,At-Bashi,KG,2020-10-11 18:56:42,41.17,75.81,38.01,74,60,2.17
262,Ulaangom,MN,2020-10-11 18:56:42,49.98,92.07,30.27,91,100,0.87
263,Buenos Aires,AR,2020-10-11 18:54:35,-34.61,-58.38,64.99,59,75,12.75
264,Siteki,SZ,2020-10-11 18:56:42,-26.45,31.95,53.87,90,100,7.56
265,Victoria,HK,2020-10-11 18:56:43,22.29,114.16,80.01,81,59,1.99
266,Chumikan,RU,2020-10-11 18:56:43,54.72,135.31,48.45,90,100,11.52
267,Pangody,RU,2020-10-11 18:56:43,65.85,74.49,36.54,96,100,13.49
268,Pando,UY,2020-10-11 18:56:43,-34.72,-55.95,68.0,52,20,17.22
269,Petropavlovsk-Kamchatskiy,RU,2020-10-11 18:56:44,53.05,158.65,26.6,68,0,8.95
270,Sorland,NO,2020-10-11 18:56:44,67.67,12.69,48.2,81,75,20.8
271,Christchurch,NZ,2020-10-11 18:51:51,-43.53,172.63,55.99,62,100,6.93
272,Razdolinsk,RU,2020-10-11 18:56:44,58.42,94.67,22.48,90,35,1.25
273,Sidi Ali,DZ,2020-10-11 18:56:45,36.1,0.42,64.33,84,6,12.33
274,Maunabo,PR,2020-10-11 18:56:45,18.01,-65.9,88.0,100,100,1.99
275,Dingle,PH,2020-10-11 18:56:45,11.0,122.67,74.93,90,100,1.61
276,Kilinochchi,LK,2020-10-11 18:54:06,9.4,80.4,81.03,75,100,12.37
277,Talcahuano,CL,2020-10-11 18:56:46,-36.72,-73.12,68.0,40,0,16.11
278,Magnitogorsk,RU,2020-10-11 18:55:26,53.42,59.05,44.6,36,6,6.71
279,Prince Rupert,CA,2020-10-11 18:56:46,54.32,-130.32,51.8,76,40,9.17
280,Kosikha,RU,2020-10-11 18:56:46,53.36,84.58,39.2,86,75,8.95
281,Abha,SA,2020-10-11 18:56:47,18.22,42.51,69.8,16,0,1.68
282,Deputatskiy,RU,2020-10-11 18:56:47,69.3,139.9,13.93,98,100,1.83
283,Aykhal,RU,2020-10-11 18:56:47,66.0,111.5,17.6,92,90,4.47
284,Jibuti,DJ,2020-10-11 18:56:47,11.5,42.5,86.0,70,20,3.36
285,Bengkulu,ID,2020-10-11 18:56:47,-3.8,102.27,75.6,89,100,4.79
286,Bowen,AU,2020-10-11 18:56:48,-20.02,148.23,69.8,88,75,9.17
287,Parakou,BJ,2020-10-11 18:56:48,9.34,2.63,74.46,89,96,2.55
288,Wanning,CN,2020-10-11 18:56:48,18.8,110.4,77.77,84,100,17.02
289,Bolitoc,PH,2020-10-11 18:56:48,15.74,119.88,77.94,91,100,9.46
290,Bilma,NE,2020-10-11 18:56:48,18.69,12.92,85.75,13,0,3.8
291,Honningsvag,NO,2020-10-11 18:56:49,70.98,25.97,39.2,93,90,5.82
292,Jieshou,CN,2020-10-11 18:56:49,33.26,115.36,64.08,67,100,7.47
293,Halifax,CA,2020-10-11 18:53:15,44.65,-63.57,55.0,60,0,5.01
294,Avarua,CK,2020-10-11 18:56:50,-21.21,-159.78,73.4,94,80,2.24
295,Lagoa,PT,2020-10-11 18:56:50,39.05,-27.98,67.66,76,0,17.69
296,Leningradskiy,RU,2020-10-11 18:56:50,69.38,178.42,28.9,97,100,1.92
297,Zaysan,KZ,2020-10-11 18:56:50,47.47,84.87,40.95,60,100,3.87
298,Kodinsk,RU,2020-10-11 18:56:50,58.69,99.18,15.93,94,0,2.73
299,Shubarshi,KZ,2020-10-11 18:56:51,48.59,57.19,47.46,45,52,6.02
300,Korfovskiy,RU,2020-10-11 18:56:51,48.22,135.06,46.4,81,20,11.18
301,Kyshtovka,RU,2020-10-11 18:56:51,56.55,76.63,43.48,96,100,6.96
302,Ancud,CL,2020-10-11 18:56:51,-41.87,-73.82,63.0,62,0,6.93
303,Stornoway,GB,2020-10-11 18:56:51,58.21,-6.39,46.99,93,100,4.7
304,Pitimbu,BR,2020-10-11 18:56:52,-7.47,-34.81,84.2,62,40,9.17
305,Banjar,ID,2020-10-11 18:56:52,-8.19,114.97,80.6,100,40,10.29
306,Barrow,US,2020-10-11 18:56:52,71.29,-156.79,24.8,68,90,11.41
307,Mar Del Plata,AR,2020-10-11 18:56:52,-38.0,-57.56,51.8,100,90,10.29
308,San Quintin,MX,2020-10-11 18:56:53,30.48,-115.95,73.92,63,0,12.26
309,Ola,RU,2020-10-11 18:56:51,59.58,151.28,34.97,80,100,3.94
310,Soyo,AO,2020-10-11 18:56:53,-6.13,12.37,76.44,83,73,11.23
311,Clyde River,CA,2020-10-11 18:56:53,70.47,-68.59,30.2,92,90,3.36
312,Chanal,MX,2020-10-11 18:56:53,16.72,-92.4,84.2,66,40,3.36
313,Hirara,JP,2020-10-11 18:56:54,24.8,125.28,80.29,81,10,13.69
314,Jeremie,HT,2020-10-11 18:56:54,18.65,-74.12,83.93,74,99,3.71
315,Aldan,RU,2020-10-11 18:56:54,58.6,125.39,19.2,91,100,9.19
316,Berlevag,NO,2020-10-11 18:56:54,70.86,29.09,39.2,93,75,8.05
317,Korla,CN,2020-10-11 18:56:54,41.76,86.15,46.8,49,100,1.1
318,Eyrarbakki,IS,2020-10-11 18:56:55,63.86,-21.15,46.4,81,75,2.24
319,Souris,CA,2020-10-11 18:56:55,49.62,-100.26,60.8,48,90,16.11
320,Sao Felix Do Xingu,BR,2020-10-11 18:56:55,-6.64,-51.99,93.4,39,100,1.28
321,Brae,GB,2020-10-11 18:56:55,60.4,-1.35,46.4,87,40,5.82
322,Provideniya,RU,2020-10-11 18:56:56,64.38,-173.3,34.47,88,98,12.26
323,Kendari,ID,2020-10-11 18:56:56,-3.94,122.5,73.8,87,100,2.37
324,Porto Novo,BJ,2020-10-11 18:53:00,6.5,2.6,80.6,83,40,10.29
325,Grindavik,IS,2020-10-11 18:56:56,63.84,-22.43,44.6,100,75,6.93
326,Denpasar,ID,2020-10-11 18:56:53,-8.65,115.22,80.6,100,40,10.29
327,Pafos,CY,2020-10-11 18:55:30,34.77,32.42,69.8,68,0,4.7
328,Florence,IT,2020-10-11 18:54:07,43.77,11.25,55.0,93,100,5.82
329,Lubao,PH,2020-10-11 18:56:58,14.92,120.55,77.0,94,90,4.7
330,Rio Gallegos,AR,2020-10-11 18:56:58,-51.62,-69.22,66.2,25,40,34.45
331,Porteirinha,BR,2020-10-11 18:53:05,-15.74,-43.03,85.77,50,99,10.18
332,San Jeronimo,PE,2020-10-11 18:56:58,-11.95,-75.28,65.21,32,79,3.49
333,Pagudpud,PH,2020-10-11 18:56:58,18.56,120.79,78.8,100,75,3.36
334,Kiunga,PG,2020-10-11 18:56:59,-6.12,141.29,74.46,94,100,2.62
335,Mikuni,JP,2020-10-11 18:56:59,36.22,136.15,64.4,93,75,3.36
336,Marystown,CA,2020-10-11 18:56:59,47.17,-55.15,53.01,100,100,7.0
337,Panzhihua,CN,2020-10-11 18:56:59,26.59,101.71,72.23,69,94,2.13
338,Susangerd,IR,2020-10-11 18:56:59,31.56,48.18,77.0,27,0,2.24
339,Caluquembe,AO,2020-10-11 18:57:00,-13.78,14.68,64.94,60,0,7.81
340,Hofn,IS,2020-10-11 18:57:00,64.25,-15.21,47.14,93,100,17.43
341,Tanout,NE,2020-10-11 18:57:00,14.97,8.89,93.69,11,0,9.86
342,Cidreira,BR,2020-10-11 18:57:00,-30.18,-50.21,66.47,70,0,17.85
343,Lorengau,PG,2020-10-11 18:57:01,-2.02,147.27,80.98,83,100,9.33
344,Gharghoda,IN,2020-10-11 18:57:01,22.17,83.35,75.56,89,0,2.53
345,Sola,VU,2020-10-11 18:57:01,-13.88,167.55,82.4,83,90,6.93
346,Chernyshevskiy,RU,2020-10-11 18:57:01,63.01,112.47,19.65,98,1,3.2
347,Omboue,GA,2020-10-11 18:57:02,-1.57,9.26,76.41,84,100,7.7
348,Banyo,CM,2020-10-11 18:57:02,6.75,11.82,66.02,87,100,4.29
349,Mujiayingzi,CN,2020-10-11 18:57:02,42.12,118.78,36.91,71,0,5.64
350,Pacifica,US,2020-10-11 18:56:17,37.61,-122.49,71.6,46,1,6.93
351,Nemuro,JP,2020-10-11 18:57:03,43.32,145.57,56.44,86,18,12.5
352,Armizonskoye,RU,2020-10-11 18:57:03,55.95,67.67,44.74,93,72,7.36
353,Paraiso,CR,2020-10-11 18:57:03,9.84,-83.87,82.4,51,40,14.99
354,High Prairie,CA,2020-10-11 18:57:03,55.43,-116.49,41.14,70,100,13.42
355,Laredo,US,2020-10-11 18:56:00,27.51,-99.51,93.2,46,1,9.17
356,Yokadouma,CM,2020-10-11 18:57:04,3.52,15.05,70.32,93,99,1.07
357,Codrington,AU,2020-10-11 18:57:04,-38.27,141.97,47.53,88,82,12.64
358,Nhulunbuy,AU,2020-10-11 18:55:17,-12.23,136.77,73.4,83,40,9.55
359,Saldanha,ZA,2020-10-11 18:57:05,-33.01,17.94,59.0,38,1,8.05
360,Koraput,IN,2020-10-11 18:57:05,18.82,82.72,67.84,95,55,1.59
361,Verkhneuralsk,RU,2020-10-11 18:57:05,53.88,59.21,44.6,36,46,6.71
362,Qaqortoq,GL,2020-10-11 18:57:05,60.72,-46.03,42.8,87,100,8.05
363,Tiangua,BR,2020-10-11 18:57:05,-3.73,-40.99,90.19,21,0,6.93
364,Lensk,RU,2020-10-11 18:57:06,60.73,114.93,23.63,87,66,1.48
365,Misratah,LY,2020-10-11 18:57:06,32.38,15.09,79.07,67,0,20.96
366,Canico,PT,2020-10-11 18:57:06,32.63,-16.85,71.6,64,20,17.22
367,Mae Sai,TH,2020-10-11 18:57:06,20.43,99.88,69.8,100,100,1.86
368,Alugan,PH,2020-10-11 18:57:06,12.22,125.48,76.57,86,100,3.69
369,Manta,EC,2020-10-11 18:57:07,-0.95,-80.73,80.6,69,20,13.87
370,Savyntsi,UA,2020-10-11 18:57:07,49.4,37.06,61.11,71,82,6.76
371,Oudtshoorn,ZA,2020-10-11 18:57:07,-33.59,22.2,53.6,71,0,11.41
372,Suslovo,RU,2020-10-11 18:57:07,56.22,88.12,31.98,99,100,4.88
373,Lavrentiya,RU,2020-10-11 18:57:08,65.58,-171.0,34.47,87,99,14.38
374,Kampong Cham,KH,2020-10-11 18:57:08,11.99,105.46,73.96,97,100,3.4
375,Severo-Kurilsk,RU,2020-10-11 18:57:08,50.68,156.12,44.22,79,1,7.49
376,Tanete,ID,2020-10-11 18:57:08,-3.94,119.78,74.7,83,100,7.09
377,Jaltenango,MX,2020-10-11 18:57:08,15.87,-92.72,83.19,69,52,1.74
378,Marsh Harbour,BS,2020-10-11 18:52:45,26.54,-77.06,82.98,78,94,11.05
379,Shache,CN,2020-10-11 18:57:09,38.42,77.24,49.8,54,81,13.67
380,Bintulu,MY,2020-10-11 18:55:48,3.17,113.03,77.0,94,40,2.24
381,Gladstone,AU,2020-10-11 18:57:09,-23.85,151.25,68.0,77,89,3.36
382,Kuito,AO,2020-10-11 18:57:09,-12.38,16.93,70.86,30,7,5.61
383,Trairi,BR,2020-10-11 18:57:10,-3.28,-39.27,84.07,62,0,12.73
384,Poum,NC,2020-10-11 18:57:10,-20.23,164.02,75.67,82,4,11.63
385,Port Lincoln,AU,2020-10-11 18:57:10,-34.73,135.87,67.26,44,100,15.48
386,Taltal,CL,2020-10-11 18:57:10,-25.4,-70.48,62.76,57,22,4.41
387,Milkovo,RU,2020-10-11 18:57:11,54.72,158.62,28.92,92,0,2.28
388,Brasilia,BR,2020-10-11 18:56:27,-15.78,-47.93,82.4,48,75,8.05
389,Coihaique,CL,2020-10-11 18:57:11,-45.58,-72.07,51.8,50,75,11.41
390,Tiznit,MA,2020-10-11 18:57:11,29.58,-9.5,79.38,32,30,2.28
391,Maragogipe,BR,2020-10-11 18:53:04,-12.78,-38.92,82.4,78,0,14.99
392,Derzhavinsk,KZ,2020-10-11 18:57:12,51.1,66.32,49.14,53,94,6.71
393,Springbok,ZA,2020-10-11 18:57:12,-29.66,17.89,55.99,35,0,2.57
394,Dunda,TZ,2020-10-11 18:57:12,-8.12,34.25,72.43,43,28,2.53
395,Vanavara,RU,2020-10-11 18:57:13,60.34,102.28,19.76,93,40,5.75
396,Emerald,AU,2020-10-11 18:57:13,-23.53,148.17,66.2,93,99,4.7
397,Florianopolis,BR,2020-10-11 18:53:40,-27.61,-48.5,75.2,47,0,13.87
398,Katsuura,JP,2020-10-11 18:57:13,35.13,140.3,68.0,88,75,11.41
399,Porosozero,RU,2020-10-11 18:55:01,62.72,32.73,44.2,92,100,6.13
400,Chake Chake,TZ,2020-10-11 18:57:14,-5.25,39.77,76.05,83,0,6.6
401,Svetlaya,RU,2020-10-11 18:57:14,46.54,138.33,55.02,91,100,5.3
402,Evensk,RU,2020-10-11 18:57:14,61.95,159.23,28.29,89,0,0.92
403,Hutchinson,US,2020-10-11 18:57:14,38.06,-97.93,86.0,45,1,32.21
404,Iranshahr,IR,2020-10-11 18:57:15,27.2,60.68,77.0,12,0,11.41
405,Goya,AR,2020-10-11 18:57:15,-29.14,-59.26,85.01,39,0,5.48
406,Sakakah,SA,2020-10-11 18:57:15,29.97,40.21,80.6,11,0,6.93
407,Ponta Delgada,PT,2020-10-11 18:57:15,37.73,-25.67,68.0,64,75,11.41
408,Hervey Bay,AU,2020-10-11 18:57:15,-25.3,152.85,64.99,88,100,6.93
409,Leh,IN,2020-10-11 18:57:16,34.17,77.58,41.16,46,0,4.12
410,Abu Dhabi,AE,2020-10-11 18:53:48,24.47,54.37,87.8,55,0,5.82
411,Avera,US,2020-10-11 18:57:16,33.19,-82.53,82.4,69,90,8.05
412,San Francisco,US,2020-10-11 18:55:38,37.77,-122.42,71.01,72,20,5.82
413,Santa Ana,US,2020-10-11 18:55:42,33.75,-117.87,75.99,60,40,5.82
414,Zhenhai,CN,2020-10-11 18:57:16,24.26,118.09,75.2,69,75,6.71
415,Kaura Namoda,NG,2020-10-11 18:57:17,12.59,6.58,85.69,41,0,6.17
416,Nizhnyaya Tavda,RU,2020-10-11 18:57:17,57.67,66.17,43.27,94,0,5.66
417,College,US,2020-10-11 18:57:17,64.86,-147.8,30.99,63,75,10.29
418,Mabaruma,GY,2020-10-11 18:57:18,8.2,-59.78,86.9,64,70,6.17
419,Lerici,IT,2020-10-11 18:57:18,44.08,9.91,55.99,77,100,10.13
420,Kushiro,JP,2020-10-11 18:57:18,42.98,144.37,52.93,92,80,6.35
421,Dolgoderevenskoye,RU,2020-10-11 18:57:18,55.34,61.34,50.0,62,99,11.18
422,Fiumicino,IT,2020-10-11 18:57:19,41.77,12.23,62.6,63,75,13.87
423,Whitianga,NZ,2020-10-11 18:57:19,-36.83,175.7,60.01,90,100,7.0
424,Shunyi,CN,2020-10-11 18:57:19,40.12,116.65,51.01,60,0,4.47
425,Namie,JP,2020-10-11 18:57:19,37.48,141.0,64.99,96,100,7.52
426,Kavaratti,IN,2020-10-11 18:57:19,10.57,72.64,81.75,80,100,18.5
427,Kayerkan,RU,2020-10-11 18:57:20,69.35,87.76,23.0,92,40,22.37
428,Hami,CN,2020-10-11 18:57:20,42.8,93.45,42.31,51,0,7.54
429,Waldoboro,US,2020-10-11 18:57:20,44.1,-69.38,57.2,41,1,12.75
430,Paita,PE,2020-10-11 18:57:21,-5.09,-81.11,72.55,66,74,17.54
431,Sampit,ID,2020-10-11 18:57:21,-2.53,112.95,74.84,85,99,3.04
432,Itarema,BR,2020-10-11 18:57:21,-2.92,-39.92,83.53,64,0,15.75
433,Athboy,IE,2020-10-11 18:57:21,53.62,-6.92,51.01,87,75,3.36
434,Sibolga,ID,2020-10-11 18:57:22,1.74,98.78,75.92,80,100,2.66
435,Bondo,CD,2020-10-11 18:57:22,3.81,23.69,68.41,97,96,2.19
436,Pauini,BR,2020-10-11 18:57:22,-7.71,-66.98,102.83,23,21,1.72
437,Itaituba,BR,2020-10-11 18:57:22,-4.28,-55.98,98.19,32,100,2.55
438,Dawlatabad,AF,2020-10-11 18:57:22,36.41,64.91,51.93,44,64,4.05
439,Mitu,CO,2020-10-11 18:57:23,1.2,-70.17,90.39,52,100,1.72
440,Ambunti,PG,2020-10-11 18:57:23,-4.24,142.84,72.28,95,99,0.6
441,Aguas Vermelhas,BR,2020-10-11 18:53:06,-15.75,-41.46,74.53,77,100,9.26
442,Khandyga,RU,2020-10-11 18:57:23,62.67,135.6,32.85,96,100,4.09
443,Oregon,US,2020-10-11 18:57:24,44.0,-120.5,52.0,55,100,7.0
444,Santa Marta,CO,2020-10-11 18:54:16,11.24,-74.2,84.92,76,20,12.35
445,Itai,BR,2020-10-11 18:57:24,-23.42,-49.09,80.49,35,0,11.43
446,Avon Lake,US,2020-10-11 18:52:41,41.51,-82.03,64.99,72,75,12.75
447,Palauig,PH,2020-10-11 18:57:24,15.44,119.9,78.71,90,100,11.97
448,Haines Junction,CA,2020-10-11 18:57:25,60.75,-137.51,38.66,76,100,1.34
449,Oyama,JP,2020-10-11 18:57:25,36.3,139.8,69.01,88,75,5.82
450,Morros,BR,2020-10-11 18:57:25,-9.45,-46.3,93.94,33,57,3.6
451,Necochea,AR,2020-10-11 18:57:25,-38.55,-58.74,51.01,98,100,15.01
452,Onufriyivka,UA,2020-10-11 18:57:25,48.91,33.45,61.12,80,2,2.46
453,Komsomolskiy,UZ,2020-10-11 18:57:26,40.43,71.72,48.2,81,0,4.7
454,Northam,GB,2020-10-11 18:57:26,51.03,-4.22,53.01,83,0,3.0
455,Egvekinot,RU,2020-10-11 18:57:26,66.32,-179.17,25.84,95,100,17.31
456,Locri,IT,2020-10-11 18:57:26,38.24,16.26,70.0,59,0,5.82
457,Ilulissat,GL,2020-10-11 18:57:27,69.22,-51.1,41.0,75,100,17.22
458,Kovdor,RU,2020-10-11 18:57:27,67.57,30.48,40.71,93,100,1.63
459,Russkaya Polyana,UA,2020-10-11 18:57:27,49.42,31.92,56.97,76,11,2.46
460,Beloha,MG,2020-10-11 18:57:27,-25.17,45.05,65.73,85,0,3.96
461,Beringovskiy,RU,2020-10-11 18:57:28,63.05,179.32,32.14,97,100,24.16
462,Metro,ID,2020-10-11 18:57:28,-5.11,105.31,76.24,87,100,3.58
463,Sosnovo-Ozerskoye,RU,2020-10-11 18:57:28,52.52,111.54,22.87,93,93,8.9
464,La Union,PE,2020-10-11 18:57:28,-5.4,-80.75,85.89,41,66,16.44
465,Tierra Colorada,MX,2020-10-11 18:57:28,17.17,-99.58,86.0,70,75,2.24
466,Palmer,US,2020-10-11 18:52:45,42.16,-72.33,64.99,36,75,9.17
467,Natchez,US,2020-10-11 18:57:29,31.56,-91.4,82.4,61,40,10.29
468,Punta Alta,AR,2020-10-11 18:57:29,-38.88,-62.07,60.24,57,11,9.28
469,Zhetysay,KZ,2020-10-11 18:57:29,40.73,68.3,47.8,51,0,2.24
470,Ambulu,ID,2020-10-11 18:57:29,-8.35,113.61,75.92,84,1,2.62
471,Mogadishu,SO,2020-10-11 18:57:30,2.04,45.34,79.29,81,10,12.55
472,Mangai,CD,2020-10-11 18:57:30,-4.05,19.53,72.57,94,89,2.51
473,Narang,PK,2020-10-11 18:57:30,31.91,74.52,75.2,78,0,3.33
474,Shihezi,CN,2020-10-11 18:57:30,44.3,86.03,46.24,53,0,2.51
475,Kirakira,SB,2020-10-11 18:57:30,-10.45,161.92,79.52,84,78,10.83
476,Taganak,PH,2020-10-11 18:57:31,6.08,118.3,75.2,94,40,9.17
477,Bathsheba,BB,2020-10-11 18:57:31,13.22,-59.52,86.0,74,40,13.87
478,Boende,CD,2020-10-11 18:57:31,-0.22,20.87,72.41,93,100,2.13
479,Surt,LY,2020-10-11 18:57:31,31.21,16.59,75.92,60,100,23.78
480,Naze,JP,2020-10-11 18:57:31,28.37,129.48,77.0,78,75,9.17
481,Dunhua,CN,2020-10-11 18:57:32,43.37,128.24,37.53,85,0,5.57
482,Kargopol,RU,2020-10-11 18:57:32,61.51,38.95,50.0,98,100,3.22
483,Mikkeli,FI,2020-10-11 18:57:32,61.69,27.27,48.0,100,100,2.66
484,Banes,CU,2020-10-11 18:57:32,20.96,-75.72,91.4,55,75,10.29
485,Zlocieniec,PL,2020-10-11 18:57:33,53.53,16.01,42.01,89,100,4.34
486,Qingyuan,CN,2020-10-11 18:57:33,23.7,113.03,75.2,69,87,5.61
487,North Bend,US,2020-10-11 18:57:33,43.41,-124.22,70.0,77,90,12.75
488,Aksha,RU,2020-10-11 18:57:33,50.28,113.29,27.18,81,100,3.56
489,Beyneu,KZ,2020-10-11 18:57:33,45.32,55.2,49.35,49,0,11.52
490,Pangoa,PE,2020-10-11 18:57:34,-12.12,-73.0,93.6,28,0,5.46
491,Half Moon Bay,US,2020-10-11 18:53:32,37.46,-122.43,72.0,46,1,6.93
492,Mahibadhoo,MV,2020-10-11 18:57:34,3.78,72.97,83.16,76,25,17.54
493,Richards Bay,ZA,2020-10-11 18:57:34,-28.78,32.04,61.72,75,100,4.61
494,Santa Isabel Do Rio Negro,BR,2020-10-11 18:57:34,-0.41,-65.02,95.04,40,83,0.98
495,Vangaindrano,MG,2020-10-11 18:57:35,-23.35,47.6,74.07,93,100,8.25
496,Kikwit,CD,2020-10-11 18:57:35,-5.04,18.82,73.58,93,100,2.75
497,Penha,BR,2020-10-11 18:53:29,-26.77,-48.65,72.0,68,20,10.29
498,Vila,PT,2020-10-11 18:57:35,42.03,-8.16,55.0,68,31,10.0
499,Los Zacatones,MX,2020-10-11 18:57:35,22.95,-102.05,73.4,33,20,5.21
500,Kamen-Rybolov,RU,2020-10-11 18:57:36,44.75,132.04,47.21,69,100,4.32
501,Nandu,CN,2020-10-11 18:57:36,22.85,110.82,68.09,84,85,3.65
502,Camabatela,AO,2020-10-11 18:57:36,-8.19,15.38,67.23,77,33,5.46
503,Malkara,TR,2020-10-11 18:57:36,40.89,26.9,73.99,32,1,2.44
504,Poltavka,RU,2020-10-11 18:57:36,54.37,71.76,43.25,91,52,7.7
505,Aquiraz,BR,2020-10-11 18:55:47,-3.9,-38.39,84.2,66,0,12.75
506,Jackson,US,2020-10-11 18:57:37,42.42,-122.83,48.2,87,40,3.36
507,Lipari,IT,2020-10-11 18:57:37,38.47,14.95,66.99,70,20,8.01
508,Yanzhou,CN,2020-10-11 18:57:37,35.55,116.83,58.19,88,94,2.8
509,Martyush,RU,2020-10-11 18:57:37,56.4,61.88,46.65,76,97,10.65
510,Alice Springs,AU,2020-10-11 18:54:18,-23.7,133.88,55.4,58,0,6.76
511,Alta Floresta,BR,2020-10-11 18:57:38,-9.88,-56.09,88.63,41,100,6.78
512,Huangchuan,CN,2020-10-11 18:57:38,32.13,115.04,62.89,76,50,7.27
513,Aripuana,BR,2020-10-11 18:57:38,-9.17,-60.63,89.26,48,89,4.34
514,Inirida,CO,2020-10-11 18:57:39,3.87,-67.92,90.68,55,98,2.15
515,Cururupu,BR,2020-10-11 18:57:39,-1.83,-44.87,86.92,53,0,7.38
516,Troutdale,US,2020-10-11 18:57:39,45.54,-122.39,55.99,87,90,12.75
517,Samfya,ZM,2020-10-11 18:57:39,-11.36,29.56,78.06,48,51,4.34
518,Fort Portal,UG,2020-10-11 18:57:39,0.66,30.27,60.98,98,57,1.92
519,Itoman,JP,2020-10-11 18:57:40,26.12,127.67,78.8,83,40,6.93
520,Port Moresby,PG,2020-10-11 18:57:40,-9.44,147.18,78.8,100,40,11.41
521,Buraydah,SA,2020-10-11 18:57:40,26.33,43.98,77.0,20,0,3.36
522,Kholtoson,RU,2020-10-11 18:57:40,50.3,103.31,20.23,82,100,6.62
523,Havelock,US,2020-10-11 18:55:20,34.88,-76.9,70.0,88,90,19.46
524,Mbalmayo,CM,2020-10-11 18:57:41,3.52,11.5,73.4,94,20,4.99
525,Suez,EG,2020-10-11 18:57:41,29.97,32.53,73.02,70,0,10.31
526,Amapa,BR,2020-10-11 18:57:41,1.0,-52.0,96.76,25,0,6.42
527,Anshun,CN,2020-10-11 18:57:41,26.25,105.93,58.82,82,91,8.05
528,Coahuayana,MX,2020-10-11 18:57:42,18.73,-103.68,82.4,69,75,5.26
529,High Level,CA,2020-10-11 18:57:42,58.52,-117.14,39.2,93,90,10.29
530,Simao,CN,2020-10-11 18:57:42,22.79,100.97,60.03,86,46,1.88
531,Husavik,IS,2020-10-11 18:57:42,66.04,-17.34,46.4,81,75,2.24
532,San Cristobal,VE,2020-10-11 18:57:43,7.77,-72.22,93.2,46,40,11.41
533,Bograd,RU,2020-10-11 18:57:43,54.23,90.83,35.6,93,40,2.24
534,Zabaykalsk,RU,2020-10-11 18:57:43,49.63,117.32,26.55,85,45,10.4
535,Mehamn,NO,2020-10-11 18:57:43,71.04,27.85,39.2,93,90,5.82
536,Yamethin,MM,2020-10-11 18:57:44,20.43,96.15,75.07,82,74,3.74
537,Lalibela,ET,2020-10-11 18:57:44,12.03,39.03,57.54,52,25,9.31
538,Teguldet,RU,2020-10-11 18:57:44,57.31,88.17,24.28,98,94,5.01
539,Aparecida Do Taboado,BR,2020-10-11 18:57:44,-20.09,-51.09,99.27,19,4,12.44
540,Silver City,US,2020-10-11 18:52:50,32.77,-108.28,77.0,11,1,25.28
541,Sena Madureira,BR,2020-10-11 18:56:08,-9.07,-68.66,100.09,26,58,4.05
542,Harlow,GB,2020-10-11 18:57:45,51.78,0.11,48.99,81,0,5.82
543,Njombe,TZ,2020-10-11 18:57:45,-9.33,34.77,62.89,61,79,5.97
544,Newport,GB,2020-10-11 18:57:45,51.59,-3.0,53.01,80,29,5.14
545,Dunedin,NZ,2020-10-11 18:56:34,-45.87,170.5,55.0,76,100,10.0
546,Kidal,ML,2020-10-11 18:57:46,18.44,1.41,93.09,19,83,17.76
547,Luau,AO,2020-10-11 18:57:46,-10.71,22.22,74.39,58,10,3.15
548,Porto Belo,BR,2020-10-11 18:57:46,-27.16,-48.55,72.0,68,20,10.29
549,Broken Hill,AU,2020-10-11 18:57:46,-31.95,141.43,57.2,50,0,5.82
550,Port Hawkesbury,CA,2020-10-11 18:57:46,45.62,-61.35,48.0,87,75,9.17
551,Washington,US,2020-10-11 18:55:58,47.5,-120.5,57.99,68,96,3.74
552,Kuytun,RU,2020-10-11 18:57:47,54.34,101.5,22.15,94,91,12.62
553,Ferkessedougou,CI,2020-10-11 18:57:47,9.6,-5.2,76.51,86,37,3.22
554,Mazatan,MX,2020-10-11 18:57:47,14.87,-92.45,89.6,70,40,3.36
555,Cooma,AU,2020-10-11 18:57:47,-36.23,149.13,42.8,100,45,10.29
556,Asyut,EG,2020-10-11 18:54:21,27.18,31.18,84.2,45,0,11.41
557,Opuwo,NA,2020-10-11 18:57:48,-18.06,13.84,65.48,26,0,6.38
558,Umm Kaddadah,SD,2020-10-11 18:57:48,13.6,26.69,92.91,25,91,6.87
559,Tessalit,ML,2020-10-11 18:57:48,20.2,1.01,88.12,22,98,5.44
560,Ushtobe,KZ,2020-10-11 18:57:49,45.25,77.98,44.4,48,100,3.29
561,Broome,US,2020-10-11 18:57:49,42.25,-75.83,62.01,46,100,3.0
562,Bud,US,2020-10-11 18:57:49,39.45,-86.18,78.01,64,40,6.93
